photo_id,review_status,defect_visible,defect_label,reviewer_code,evidence
open-maintenance-001,unreviewed,,,,
open-maintenance-002,unreviewed,,,,
open-maintenance-003,unreviewed,,,,
open-maintenance-004,unreviewed,,,,
open-maintenance-005,unreviewed,,,,
open-maintenance-006,unreviewed,,,,
open-maintenance-007,unreviewed,,,,
open-maintenance-008,unreviewed,,,,
open-maintenance-009,unreviewed,,,,
open-maintenance-010,unreviewed,,,,
open-maintenance-011,unreviewed,,,,
open-maintenance-012,unreviewed,,,,
open-maintenance-013,unreviewed,,,,
open-maintenance-014,unreviewed,,,,
open-maintenance-015,unreviewed,,,,
open-maintenance-016,unreviewed,,,,
open-maintenance-017,unreviewed,,,,
open-maintenance-018,unreviewed,,,,
open-maintenance-019,unreviewed,,,,
open-maintenance-020,unreviewed,,,,
open-maintenance-021,unreviewed,,,,
open-maintenance-022,unreviewed,,,,
open-maintenance-023,unreviewed,,,,
open-maintenance-024,unreviewed,,,,
open-maintenance-025,unreviewed,,,,
